reviewId,userName,userImage,score,title,text,thumbsUp,replyText,version,appVersion,date,url
"4eae766e-fa92-40c8-9780-e18258e0ffca","Jean-Pic Berry","https://play-lh.googleusercontent.com/a/ACg8ocIHvZfukimYG7sJozgYlzHgvOxxbhLrQ2baVKyd0ax2g0qp2Q=mo","5",,"a great application - helps with wordle or wordbubble. Unfortunately, no longer works on newer version. What a pity. Please recompile it ... Thx, JP","0","","2014.03","","2025-09-29T17:28:02.325Z","https://play.google.com/store/apps/details?id=jp.sblo.pandora.aGrep&reviewId=4eae766e-fa92-40c8-9780-e18258e0ffca"
"08396e0f-9780-4ffb-bc71-a299155b1cb2","Dumitru Spiridon","https://play-lh.googleusercontent.com/a-/ALV-UjWacLOTtHCvbt-2Ue9OwZjUfz4as_DKPuOXDEKgONmd8zIlR49k","5",,"Excellent app! Using it often. One question: Can you please make it also with dark theme? It is needed. Thank you.","0","","2014.03","","2025-08-09T02:26:54.560Z","https://play.google.com/store/apps/details?id=jp.sblo.pandora.aGrep&reviewId=08396e0f-9780-4ffb-bc71-a299155b1cb2"
"72a3d017-40aa-4024-886f-4d001a33c104","Florin B","https://play-lh.googleusercontent.com/a/ACg8ocK2CAuk5484nItrZnIfsOTFUrHki1JaFD7nKsKjcUIvaNVrPQ=mo","5",,"Very useful","0","","","","2025-03-18T20:51:05.551Z","https://play.google.com/store/apps/details?id=jp.sblo.pandora.aGrep&reviewId=72a3d017-40aa-4024-886f-4d001a33c104"
"4a83d584-8667-4f63-a8cf-5b63a066070f","David Moy","https://play-lh.googleusercontent.com/a/ACg8ocKgQxUgUO3L2Wz0g_tdSz9QIW3STvn5EszkxWXVjgJK87b_yQ=mo","5",,"Excellent. Fast, reliable search on text files, stable. Only thing missing is a way to export results to a file.","2","","2014.03","","2024-09-18T21:30:03.917Z","https://play.google.com/store/apps/details?id=jp.sblo.pandora.aGrep&reviewId=4a83d584-8667-4f63-a8cf-5b63a066070f"
"ede229a2-98d1-44ab-88d1-8625758d5ff6","Just ‚Äúnowhere‚Äù me","https://play-lh.googleusercontent.com/a-/ALV-UjXg9-vQOdxQbYZkN9i8ycJrRwTlKYx3ErUIRdRva0AiMFTFjkg","5",,"Superb, please give text selection to copy. Dark mode. More font sizes 11 12 13. Thanks üëç Long-press a folder to remove from search list + when adding a folder: long press again to add to search list. Also good is another app called: Text Search (by: Point Blank) which has dark mode. I recommend that & this app both.","1","","2014.03","","2024-05-16T19:00:00.796Z","https://play.google.com/store/apps/details?id=jp.sblo.pandora.aGrep&reviewId=ede229a2-98d1-44ab-88d1-8625758d5ff6"
"e65ec913-2c98-4abd-8bd1-f594c36ce4df","goran jakov","https://play-lh.googleusercontent.com/a/ACg8ocIbWuK32zwv8OWfco1DGuIjpI4V_J4ERUYcJUquZacZ-1n-HmA=mo","5",,"By far the best grep application unfortunately last updated in 2015 when otg usb was not even an option. Why it is never updated to have access beyond internal storage and internal sd card. Is it used as Searn in files in one of the Jota editors by the same developer, i couldn't find it.","0","","2014.03","","2023-08-14T14:22:56.350Z","https://play.google.com/store/apps/details?id=jp.sblo.pandora.aGrep&reviewId=e65ec913-2c98-4abd-8bd1-f594c36ce4df"
"51e719a7-1a6f-40c5-adc5-efacfc703851","Alex White","https://play-lh.googleusercontent.com/a-/ALV-UjVir9wa5gYaUMBJAb_7QVoAdN1dh4SZHlgsEonlWTQD2PvvnMfi","5",,"Very useful","0","","","","2023-07-24T02:22:35.167Z","https://play.google.com/store/apps/details?id=jp.sblo.pandora.aGrep&reviewId=51e719a7-1a6f-40c5-adc5-efacfc703851"
"8c1b3b66-0f9a-4801-b68e-fa1188955000","V C (KITTYGUMDROP)","https://play-lh.googleusercontent.com/a-/ALV-UjUfzRE5py6VA-iFR4zXpt8Rm2Q0oYw-tDhaQibP0gvd_sUEBK78cw","5",,"Great ap","0","","2014.03","","2023-07-02T05:37:04.861Z","https://play.google.com/store/apps/details?id=jp.sblo.pandora.aGrep&reviewId=8c1b3b66-0f9a-4801-b68e-fa1188955000"
"8d59ccf3-b92c-4337-a7d6-4dca17e92b92","Ramon F Jaquez","https://play-lh.googleusercontent.com/a/ACg8ocJxvuQyQBhalaT-AKk2uN3qaBIfPjMgwmlV3ldYJFqNrfw9Qw=mo","5",,"Simple and effective text files content search.","0","","2014.03","","2023-01-20T12:40:40.950Z","https://play.google.com/store/apps/details?id=jp.sblo.pandora.aGrep&reviewId=8d59ccf3-b92c-4337-a7d6-4dca17e92b92"
"c1990e98-da11-4dbc-9155-405c6e4a6087","Mahadevan Singokulam","https://play-lh.googleusercontent.com/a-/ALV-UjWG8jMx-ivrjsAggD4GEN8Q2xjWt5xHOqQdO5HaF0aWvs0m00Ba","4",,"Wonderful, Very good search engine for text files held in my device","0","","2014.03","","2022-12-19T09:16:10.450Z","https://play.google.com/store/apps/details?id=jp.sblo.pandora.aGrep&reviewId=c1990e98-da11-4dbc-9155-405c6e4a6087"
"62fd9de8-81bb-4492-8c41-2dc291f61bb0","Malkeus","https://play-lh.googleusercontent.com/a/ACg8ocJwMKrLFfJeUDaxHZNmh5MTuLhJf6vPaiu9GRx-LyFQq5P5jw=mo","3",,"This indeed performs as advertised... But that's it. It's awkward to use and whole it does display the file location, it starts at the beginning and the important stuff generally gets cut off since paths are quite long. I found another app that's still at least as awkward but it performs this simple task at least.","1","","2014.03","","2022-09-17T20:20:47.686Z","https://play.google.com/store/apps/details?id=jp.sblo.pandora.aGrep&reviewId=62fd9de8-81bb-4492-8c41-2dc291f61bb0"
"907dd1d8-a77a-4bcb-a863-51598741c845","R H","https://play-lh.googleusercontent.com/a/ACg8ocInuvN5w1jYJbDtU2Aewb3oX0nZxe8T3vuUXJbsH5Fpf9U4uw=mo","5",,"Very good","0","","2014.03","","2022-08-01T12:11:31.666Z","https://play.google.com/store/apps/details?id=jp.sblo.pandora.aGrep&reviewId=907dd1d8-a77a-4bcb-a863-51598741c845"
"578a2ca3-72df-4ed2-a477-bb09c1c2a58d","Dao Fo","https://play-lh.googleusercontent.com/a-/ALV-UjUTxELX74ztXypQvTrkwZtdOFXTbysQkOGb7_AA1ZiQIZHgXmTE","5",,"Very good.","0","","2014.03","","2022-04-28T14:16:35.828Z","https://play.google.com/store/apps/details?id=jp.sblo.pandora.aGrep&reviewId=578a2ca3-72df-4ed2-a477-bb09c1c2a58d"
"ffc9b2c3-aaf0-45f6-907f-b4ab148e513c","Peter Mcclements","https://play-lh.googleusercontent.com/a-/ALV-UjXu0J5D59SP1AzVkyvlH3vHU0Pzyb0-np0mdBm5cN0q01LusUUzjQ","5",,"Great app with excellent regex options.","0","","2014.03","","2022-04-19T13:21:36.475Z","https://play.google.com/store/apps/details?id=jp.sblo.pandora.aGrep&reviewId=ffc9b2c3-aaf0-45f6-907f-b4ab148e513c"
"f5568d8d-ece2-45ef-b776-5834b3350d7f","Pinaki Gupta (Appu)","https://play-lh.googleusercontent.com/a-/ALV-UjVusFl_0IboeLlDHOox_s32PyW9OovqTsxmbwtXyGeF08KZEQtlCg","5",,"Absolutely brilliant!","0","","2014.03","","2022-04-11T16:56:01.150Z","https://play.google.com/store/apps/details?id=jp.sblo.pandora.aGrep&reviewId=f5568d8d-ece2-45ef-b776-5834b3350d7f"
"81ec158a-65e4-413d-b9c5-440159ab0591","zipcode786","https://play-lh.googleusercontent.com/a-/ALV-UjUaqikUR_CSu1PFUYV9wHr6Fguz7vwMrEwtVzzosufdvVkG1xc","4",,"Please update","0","","","","2022-04-09T16:40:13.833Z","https://play.google.com/store/apps/details?id=jp.sblo.pandora.aGrep&reviewId=81ec158a-65e4-413d-b9c5-440159ab0591"
"04daee5a-e553-4114-837f-246afff1f88f","A Google user","https://play-lh.googleusercontent.com/EGemoI2NTXmTsBVtJqk8jxF9rh8ApRWfsIMQSt2uE4OcpQqbFu7f7NbTK05lx80nuSijCz7sc3a277R67g","5",,"FEB 2022 Had the need to use aGrep again, this time Android 11. aGrep found the desired regex matchesüëçüèΩ Previous: First used on Jellybean. Had use for now on my P2XL. Still working after all these yearsüëèüèª aGrep finds hits AND if you press on a hit will open the input file and position to the highlighted string. Can find phrases without squotes,dquotes, just enable regular expression (with or without using a regex) And it's hold press target directory to select; not tap.","6","","2014.03","","2022-02-07T18:11:33.293Z","https://play.google.com/store/apps/details?id=jp.sblo.pandora.aGrep&reviewId=04daee5a-e553-4114-837f-246afff1f88f"
"0c32c96a-b3e0-47f4-a423-f2ca714e84d9","Elon Gates","https://play-lh.googleusercontent.com/a/ACg8ocKBfCvyZTS0U-7G7bxCukDMXaT9WDOQeLKtifOU9vcJFOtsuQ=mo","5",,"Everyone needs a grep","0","","2014.03","","2022-01-22T14:27:48.780Z","https://play.google.com/store/apps/details?id=jp.sblo.pandora.aGrep&reviewId=0c32c96a-b3e0-47f4-a423-f2ca714e84d9"
"c28c168e-7d18-4d5f-8f94-1976f1ef49d0","John Helmich","https://play-lh.googleusercontent.com/a/ACg8ocIc-j5lGluZebFX1-6uyVzbBTSIaaXZZ18yGkzmssG2vfR21Q=mo","5",,"Solid GUI grep; easy to customize","0","","2014.03","","2021-08-22T19:29:28.658Z","https://play.google.com/store/apps/details?id=jp.sblo.pandora.aGrep&reviewId=c28c168e-7d18-4d5f-8f94-1976f1ef49d0"
"0da5df92-551d-44ff-a13a-dd46d6e1650e","Pete Taylor","https://play-lh.googleusercontent.com/a-/ALV-UjW9qT_PxlF2wCftcXcl9catIDnC7lFz2uRbNf-3i49v9mHjwrI","4",,"Works well, wish it had a voice interface","1","","2014.03","","2021-03-16T12:51:50.288Z","https://play.google.com/store/apps/details?id=jp.sblo.pandora.aGrep&reviewId=0da5df92-551d-44ff-a13a-dd46d6e1650e"
"a3fafde5-914f-4e96-af90-f1eb652147b6","Every Holycrap (Lightbulb)","https://play-lh.googleusercontent.com/a-/ALV-UjWIzWRRLetEbgDQtqvArwuKtAMIRZSYnXPAWNKmZ3mu-7mURYjF","2",,"it doesnt have features like select-rename-copy-paste-move (words, file) :(","3","","2014.03","","2021-03-01T20:22:16.316Z","https://play.google.com/store/apps/details?id=jp.sblo.pandora.aGrep&reviewId=a3fafde5-914f-4e96-af90-f1eb652147b6"
"90b3e710-240c-48dc-8a67-80e43299a172","Christopher McVicar","https://play-lh.googleusercontent.com/a-/ALV-UjUo9dyxgjLOPg36eponlP0cdqhP3FRMGspIoP-rxPFXemg_2QJ_","1",,"Doesn't work, even with a test file.","0","","2014.03","","2021-01-05T12:03:50.662Z","https://play.google.com/store/apps/details?id=jp.sblo.pandora.aGrep&reviewId=90b3e710-240c-48dc-8a67-80e43299a172"
"f1213c41-fc78-4856-aa5a-c3de3acad4b6","Michael Clark","https://play-lh.googleusercontent.com/a/ACg8ocIiFO6w3tOCoyP7rzFRJ7YhA-t_ZZuLUvIp6Ee3riN4V7kMPg=mo","5",,"Regular expression searches. Indispensable!","2","","2014.03","","2020-09-15T19:02:34.777Z","https://play.google.com/store/apps/details?id=jp.sblo.pandora.aGrep&reviewId=f1213c41-fc78-4856-aa5a-c3de3acad4b6"
"ac905585-5851-450f-88ad-abc1525079c2","Okechukwu Okafor","https://play-lh.googleusercontent.com/a-/ALV-UjV7Ft2raIh07o-f-gtxGXeqMi5O-FQaU-MFXAPygp2APJBolZCz","5",,"Great app! I never knew that such existed on Andoid. A TIP: within a folder I give my files different extensions (e.g md, Rmd, txt) and then when I search I can opt for 1 or more of these extensions in order to streamline my search.","2","","2014.03","","2020-06-25T09:39:40.318Z","https://play.google.com/store/apps/details?id=jp.sblo.pandora.aGrep&reviewId=ac905585-5851-450f-88ad-abc1525079c2"
"1393267a-2de7-480c-a237-a5a68ad76052","Chris M12","https://play-lh.googleusercontent.com/a-/ALV-UjU2NhMoTM1S4fSQ3oKm7RpwA7-3rT6U6t-lhGuhgYC64sLV-kQP","5",,"Excellent tool for me to find past events from technical records over many years","0","","2014.03","","2020-06-14T09:17:24.325Z","https://play.google.com/store/apps/details?id=jp.sblo.pandora.aGrep&reviewId=1393267a-2de7-480c-a237-a5a68ad76052"
"e0d822f2-c005-4da1-971f-33a2365f9163","A Google user","https://play-lh.googleusercontent.com/a-/ALV-UjUhReJnaiiRSohO-k6Up_jEb-NMbwwWZWZpE8cPxZQgwmiVqrB6","5",,"aGrep v 2014.03 on Android 8.1.0 works if you read ALL the reviews, some of which have helpful instructions such as Tap & HOLD target directory name to select it.","4","","","","2020-05-28T11:23:34.536Z","https://play.google.com/store/apps/details?id=jp.sblo.pandora.aGrep&reviewId=e0d822f2-c005-4da1-971f-33a2365f9163"
"7319bd82-24ed-400e-8feb-4b2e8d5ee3fa","OGO JUDE","https://play-lh.googleusercontent.com/a/ACg8ocLBl1EC2SiSuHo8DRrHZJITcJQ0D0PHhwpsSaRA0gniEpdVEg=mo","5",,"Great","0","","2014.03","","2020-05-21T22:11:36.994Z","https://play.google.com/store/apps/details?id=jp.sblo.pandora.aGrep&reviewId=7319bd82-24ed-400e-8feb-4b2e8d5ee3fa"
"298184d7-1845-44e8-867e-f3a02f947c14","A Google user","https://play-lh.googleusercontent.com/EGemoI2NTXmTsBVtJqk8jxF9rh8ApRWfsIMQSt2uE4OcpQqbFu7f7NbTK05lx80nuSijCz7sc3a277R67g","5",,"Congratulation for creating such a wonderful great fast free app. Highly appreciated. 5 star.","2","","2014.03","","2020-04-11T12:33:09.713Z","https://play.google.com/store/apps/details?id=jp.sblo.pandora.aGrep&reviewId=298184d7-1845-44e8-867e-f3a02f947c14"
"28a84205-fe73-4a25-9952-f7c39065db30","A Google user","https://play-lh.googleusercontent.com/EGemoI2NTXmTsBVtJqk8jxF9rh8ApRWfsIMQSt2uE4OcpQqbFu7f7NbTK05lx80nuSijCz7sc3a277R67g","5",,"the best app in the store","0","","2014.03","","2020-03-27T18:49:28.905Z","https://play.google.com/store/apps/details?id=jp.sblo.pandora.aGrep&reviewId=28a84205-fe73-4a25-9952-f7c39065db30"
"4d80e793-f5ce-4e66-8b6c-85adbbc03a68","A Google user","https://play-lh.googleusercontent.com/EGemoI2NTXmTsBVtJqk8jxF9rh8ApRWfsIMQSt2uE4OcpQqbFu7f7NbTK05lx80nuSijCz7sc3a277R67g","5",,"Wonderful search through all files with wildcards amd regexp for advanced searches. Been using for years, no problems at all. Thanks for a great tool. (Author also wrote & maintains Jota, a very versatile text editor - check it out!)","10","","2014.03","","2020-03-20T16:01:15.490Z","https://play.google.com/store/apps/details?id=jp.sblo.pandora.aGrep&reviewId=4d80e793-f5ce-4e66-8b6c-85adbbc03a68"
"8bf8fdc1-23c8-4a36-820f-fe5d498f87b3","A Google user","https://play-lh.googleusercontent.com/EGemoI2NTXmTsBVtJqk8jxF9rh8ApRWfsIMQSt2uE4OcpQqbFu7f7NbTK05lx80nuSijCz7sc3a277R67g","5",,"Good software. It searches quickly through thousands of files","2","","2014.03","","2020-03-13T18:11:26.114Z","https://play.google.com/store/apps/details?id=jp.sblo.pandora.aGrep&reviewId=8bf8fdc1-23c8-4a36-820f-fe5d498f87b3"
"0825ed33-8e3d-49b5-879b-5dfaa04a2f52","A Google user","https://play-lh.googleusercontent.com/EGemoI2NTXmTsBVtJqk8jxF9rh8ApRWfsIMQSt2uE4OcpQqbFu7f7NbTK05lx80nuSijCz7sc3a277R67g","5",,"Eventually. This is it. Wonderful, cool, simple, fast, free, no ad and completely useful. And definitely better than similar apps (you know those ugly apps). Please add donate button.","1","","2014.03","","2020-03-07T18:26:30.449Z","https://play.google.com/store/apps/details?id=jp.sblo.pandora.aGrep&reviewId=0825ed33-8e3d-49b5-879b-5dfaa04a2f52"
"6c42a434-7911-410c-99fb-381210325e03","A Google user","https://play-lh.googleusercontent.com/EGemoI2NTXmTsBVtJqk8jxF9rh8ApRWfsIMQSt2uE4OcpQqbFu7f7NbTK05lx80nuSijCz7sc3a277R67g","5",,"thanks a lot for the app.","0","","2014.03","","2020-02-22T01:37:32.927Z","https://play.google.com/store/apps/details?id=jp.sblo.pandora.aGrep&reviewId=6c42a434-7911-410c-99fb-381210325e03"
"707be33b-1667-4e51-90eb-f491a8f3fa54","A Google user","https://play-lh.googleusercontent.com/EGemoI2NTXmTsBVtJqk8jxF9rh8ApRWfsIMQSt2uE4OcpQqbFu7f7NbTK05lx80nuSijCz7sc3a277R67g","5",,"Awesome","0","","2014.03","","2020-01-08T00:27:52.238Z","https://play.google.com/store/apps/details?id=jp.sblo.pandora.aGrep&reviewId=707be33b-1667-4e51-90eb-f491a8f3fa54"
"0e53d028-1137-40d6-9ee2-28f3395d18dd","A Google user","https://play-lh.googleusercontent.com/EGemoI2NTXmTsBVtJqk8jxF9rh8ApRWfsIMQSt2uE4OcpQqbFu7f7NbTK05lx80nuSijCz7sc3a277R67g","4",,"doesn't utilize the power of high end phones","0","","","","2020-01-07T14:02:09.473Z","https://play.google.com/store/apps/details?id=jp.sblo.pandora.aGrep&reviewId=0e53d028-1137-40d6-9ee2-28f3395d18dd"
"66500608-321b-4fc7-bdb3-bc3444e91a7e","A Google user","https://play-lh.googleusercontent.com/EGemoI2NTXmTsBVtJqk8jxF9rh8ApRWfsIMQSt2uE4OcpQqbFu7f7NbTK05lx80nuSijCz7sc3a277R67g","5",,"Very good app","0","","","","2019-12-30T14:54:22.294Z","https://play.google.com/store/apps/details?id=jp.sblo.pandora.aGrep&reviewId=66500608-321b-4fc7-bdb3-bc3444e91a7e"
"cbdce539-b013-4e82-98d1-f875b6d98b3e","A Google user","https://play-lh.googleusercontent.com/EGemoI2NTXmTsBVtJqk8jxF9rh8ApRWfsIMQSt2uE4OcpQqbFu7f7NbTK05lx80nuSijCz7sc3a277R67g","5",,"Files location is shown. Clear text preview. Limit between files clear enough. No add. Doesn't seems to abuse of your data. Fast. @jotaplus - Thanks for working on it and sharing opensource","2","","2014.03","","2019-10-02T02:14:12.611Z","https://play.google.com/store/apps/details?id=jp.sblo.pandora.aGrep&reviewId=cbdce539-b013-4e82-98d1-f875b6d98b3e"
"f36164cd-bfc6-4b09-a3f0-18ace0b91c43","A Google user","https://play-lh.googleusercontent.com/EGemoI2NTXmTsBVtJqk8jxF9rh8ApRWfsIMQSt2uE4OcpQqbFu7f7NbTK05lx80nuSijCz7sc3a277R67g","5",,"Excellent app. Especially for people with command line experience","1","","2014.03","","2019-09-24T04:04:37.719Z","https://play.google.com/store/apps/details?id=jp.sblo.pandora.aGrep&reviewId=f36164cd-bfc6-4b09-a3f0-18ace0b91c43"
"a3c17d66-6f57-4b99-9e16-e7f92417b3cf","A Google user","https://play-lh.googleusercontent.com/EGemoI2NTXmTsBVtJqk8jxF9rh8ApRWfsIMQSt2uE4OcpQqbFu7f7NbTK05lx80nuSijCz7sc3a277R67g","5",,"Very nice application","0","","2014.03","","2019-08-23T08:02:49.407Z","https://play.google.com/store/apps/details?id=jp.sblo.pandora.aGrep&reviewId=a3c17d66-6f57-4b99-9e16-e7f92417b3cf"
"c03d5ef6-6fd7-4620-9594-569132b38416","A Google user","https://play-lh.googleusercontent.com/EGemoI2NTXmTsBVtJqk8jxF9rh8ApRWfsIMQSt2uE4OcpQqbFu7f7NbTK05lx80nuSijCz7sc3a277R67g","5",,"best Apps","0","","2014.03","","2019-06-30T21:56:01.206Z","https://play.google.com/store/apps/details?id=jp.sblo.pandora.aGrep&reviewId=c03d5ef6-6fd7-4620-9594-569132b38416"
"8c365f40-ebf0-43d4-bf76-55fa2376bcce","A Google user","https://play-lh.googleusercontent.com/EGemoI2NTXmTsBVtJqk8jxF9rh8ApRWfsIMQSt2uE4OcpQqbFu7f7NbTK05lx80nuSijCz7sc3a277R67g","3",,"was 5 stars for lower versions of Android, where it actually works. doesn't seem to anymore.","0","","2014.03","","2019-06-05T19:53:14.519Z","https://play.google.com/store/apps/details?id=jp.sblo.pandora.aGrep&reviewId=8c365f40-ebf0-43d4-bf76-55fa2376bcce"
"642ec51a-d789-46ff-9fc8-49b78608b0c3","A Google user","https://play-lh.googleusercontent.com/EGemoI2NTXmTsBVtJqk8jxF9rh8ApRWfsIMQSt2uE4OcpQqbFu7f7NbTK05lx80nuSijCz7sc3a277R67g","5",,"Tiny but very useful to find files by it's content. Supports regular expressions. But there's no help on regex.","0","","2014.03","","2019-05-08T18:54:46.240Z","https://play.google.com/store/apps/details?id=jp.sblo.pandora.aGrep&reviewId=642ec51a-d789-46ff-9fc8-49b78608b0c3"
"caf6c421-1628-4893-aedc-96ba0f6700c5","A Google user","https://play-lh.googleusercontent.com/EGemoI2NTXmTsBVtJqk8jxF9rh8ApRWfsIMQSt2uE4OcpQqbFu7f7NbTK05lx80nuSijCz7sc3a277R67g","5",,"problem solved. Unix Grep with vim editor. found the words and the lines. thank you!","1","","2014.03","","2019-05-06T01:24:14.845Z","https://play.google.com/store/apps/details?id=jp.sblo.pandora.aGrep&reviewId=caf6c421-1628-4893-aedc-96ba0f6700c5"
"206b6033-7feb-44f3-a11e-8b9da4c45570","A Google user","https://play-lh.googleusercontent.com/EGemoI2NTXmTsBVtJqk8jxF9rh8ApRWfsIMQSt2uE4OcpQqbFu7f7NbTK05lx80nuSijCz7sc3a277R67g","5",,"great and extremely useful app. could use a wiget though!! just a basic entry field with a saved scope and setting, or last used (i dont vary the scope much)","4","","2014.03","","2019-04-26T02:48:51.460Z","https://play.google.com/store/apps/details?id=jp.sblo.pandora.aGrep&reviewId=206b6033-7feb-44f3-a11e-8b9da4c45570"
"cd9577f6-7d8a-41e2-b2bf-dea1ab544965","A Google user","https://play-lh.googleusercontent.com/EGemoI2NTXmTsBVtJqk8jxF9rh8ApRWfsIMQSt2uE4OcpQqbFu7f7NbTK05lx80nuSijCz7sc3a277R67g","4",,"üòä Although it is not real intuitive, I selected the folder to search in and I found the bit of text I was looking for on the 1st try.","1","","2014.03","","2019-04-08T01:19:31.166Z","https://play.google.com/store/apps/details?id=jp.sblo.pandora.aGrep&reviewId=cd9577f6-7d8a-41e2-b2bf-dea1ab544965"
"24e867a1-493e-4ee5-be1d-7008171c5031","A Google user","https://play-lh.googleusercontent.com/EGemoI2NTXmTsBVtJqk8jxF9rh8ApRWfsIMQSt2uE4OcpQqbFu7f7NbTK05lx80nuSijCz7sc3a277R67g","5",,"Excellent app, which sucessfully searches for and displays occurrences of target words in text files within a folder or folders. In effect, a port of grep or fgrep from Unix.","3","","2014.03","","2019-03-08T23:06:44.653Z","https://play.google.com/store/apps/details?id=jp.sblo.pandora.aGrep&reviewId=24e867a1-493e-4ee5-be1d-7008171c5031"
"9ac9770b-e564-4f46-9c18-e35cb804ac7d","A Google user","https://play-lh.googleusercontent.com/EGemoI2NTXmTsBVtJqk8jxF9rh8ApRWfsIMQSt2uE4OcpQqbFu7f7NbTK05lx80nuSijCz7sc3a277R67g","5",,"regex search! awesome!","0","","2014.03","","2018-12-28T06:47:17.168Z","https://play.google.com/store/apps/details?id=jp.sblo.pandora.aGrep&reviewId=9ac9770b-e564-4f46-9c18-e35cb804ac7d"
"4191b051-3202-4778-83d3-6d2cf9013f1a","A Google user","https://play-lh.googleusercontent.com/EGemoI2NTXmTsBVtJqk8jxF9rh8ApRWfsIMQSt2uE4OcpQqbFu7f7NbTK05lx80nuSijCz7sc3a277R67g","1",,"if i find for a sentence, using or noy using double quotes, the app will look for a single word conyained in the string. In other words, it only searches for single words","0","","2014.03","","2018-12-19T12:03:44.759Z","https://play.google.com/store/apps/details?id=jp.sblo.pandora.aGrep&reviewId=4191b051-3202-4778-83d3-6d2cf9013f1a"
"ed8be9f5-22c6-450d-9980-43c5ee65e445","A Google user","https://play-lh.googleusercontent.com/EGemoI2NTXmTsBVtJqk8jxF9rh8ApRWfsIMQSt2uE4OcpQqbFu7f7NbTK05lx80nuSijCz7sc3a277R67g","3",,"Performs as described (finds text within file content), and does so very fast; but app navigation is non, selecting target directories is non-intuitive, results list does not show the path to the found files, and results list is difficult to see boundaries between each found file.","11","","2014.03","","2018-11-24T15:57:44.300Z","https://play.google.com/store/apps/details?id=jp.sblo.pandora.aGrep&reviewId=ed8be9f5-22c6-450d-9980-43c5ee65e445"
"1e1d9e74-0e1f-47de-97bd-a6d0d80bb44d","A Google user","https://play-lh.googleusercontent.com/EGemoI2NTXmTsBVtJqk8jxF9rh8ApRWfsIMQSt2uE4OcpQqbFu7f7NbTK05lx80nuSijCz7sc3a277R67g","2",,"There are no instrucciones. I can't figure out how to do simple word search: hello world.","1","","2014.03","","2018-11-05T21:59:21.520Z","https://play.google.com/store/apps/details?id=jp.sblo.pandora.aGrep&reviewId=1e1d9e74-0e1f-47de-97bd-a6d0d80bb44d"
"d83fd141-7671-4cd1-a564-a1cfbf8237e3","A Google user","https://play-lh.googleusercontent.com/EGemoI2NTXmTsBVtJqk8jxF9rh8ApRWfsIMQSt2uE4OcpQqbFu7f7NbTK05lx80nuSijCz7sc3a277R67g","5",,"Omg .. it did just what I needed, and fast.. haven't used it long enough to see if the bugs identified elswhere are a serious problem, but in the meantime, thanks dev...","0","","2014.03","","2018-10-03T21:32:54.871Z","https://play.google.com/store/apps/details?id=jp.sblo.pandora.aGrep&reviewId=d83fd141-7671-4cd1-a564-a1cfbf8237e3"
"a98717ac-4078-4d13-9531-cc864b597bec","A Google user","https://play-lh.googleusercontent.com/EGemoI2NTXmTsBVtJqk8jxF9rh8ApRWfsIMQSt2uE4OcpQqbFu7f7NbTK05lx80nuSijCz7sc3a277R67g","5",,"World class! Because it does exactly what it says it would do on Google 
play store page.","0","","2014.03","","2018-07-27T11:37:22.628Z","https://play.google.com/store/apps/details?id=jp.sblo.pandora.aGrep&reviewId=a98717ac-4078-4d13-9531-cc864b597bec"
"16205721-38d7-45a8-9b43-93c174dc36df","A Google user","https://play-lh.googleusercontent.com/EGemoI2NTXmTsBVtJqk8jxF9rh8ApRWfsIMQSt2uE4OcpQqbFu7f7NbTK05lx80nuSijCz7sc3a277R67g","2",,"Failed immediately when I tried to tell it a target directory.  I selected one, was taken to a screen where that directory's name was alone on the screen except for the double-dot on the line below, I tried to tap it, and nothing happened.  I kept trying different things for about five minutes, but there's a limit.  Next!","0","","","","2018-01-28T15:13:19.155Z","https://play.google.com/store/apps/details?id=jp.sblo.pandora.aGrep&reviewId=16205721-38d7-45a8-9b43-93c174dc36df"
"05e8f54b-576c-4c57-891f-ca5b52261cca","A Google user","https://play-lh.googleusercontent.com/EGemoI2NTXmTsBVtJqk8jxF9rh8ApRWfsIMQSt2uE4OcpQqbFu7f7NbTK05lx80nuSijCz7sc3a277R67g","5",,"Awesome devs. Best for programming and modding. I have suggestions, add Replace words feature. It would be great. Btw, 5‚òÖ rates","3","","2014.03","","2017-09-22T11:07:47.771Z","https://play.google.com/store/apps/details?id=jp.sblo.pandora.aGrep&reviewId=05e8f54b-576c-4c57-891f-ca5b52261cca"
"e4b0881f-8a5d-4394-aaf8-3615a31f8336","A Google user","https://play-lh.googleusercontent.com/EGemoI2NTXmTsBVtJqk8jxF9rh8ApRWfsIMQSt2uE4OcpQqbFu7f7NbTK05lx80nuSijCz7sc3a277R67g","4",,"Because it finds stuff :)  ‚Äï‚Äï  1_Set a base path to start the search [+] (Necessary, long-press on the folder name (browse up [‚Ä¶] to get to other Storage)), 2_Add file extensions to the list [+] (Necessary ( * here means NoExtension )(AnyExtension I can't figure...)), & 3_Check at least one item of both to use for a given search. ‚Äï‚Äï If you learn the most basic RegEx you'll be miles ahead. (Try e.*t after checking 'Regular Exp...') ‚Äï‚Äï A few Settings. If the screen labels get wacky, just exit & relaunch the app. Despite the minor flaws, I like the one-screen setup & go. [me:KitKat]","5","","2014.03","","2017-09-13T14:32:40.727Z","https://play.google.com/store/apps/details?id=jp.sblo.pandora.aGrep&reviewId=e4b0881f-8a5d-4394-aaf8-3615a31f8336"
"6693a957-79a6-453d-a364-3596143d9773","A Google user","https://play-lh.googleusercontent.com/EGemoI2NTXmTsBVtJqk8jxF9rh8ApRWfsIMQSt2uE4OcpQqbFu7f7NbTK05lx80nuSijCz7sc3a277R67g","4",,"Works fine but quite slow compared to using busybox grep in a term.","1","","2014.03","","2017-08-12T04:13:19.849Z","https://play.google.com/store/apps/details?id=jp.sblo.pandora.aGrep&reviewId=6693a957-79a6-453d-a364-3596143d9773"
"7775a1de-7367-4fd3-a586-7383642583b1","A Google user","https://play-lh.googleusercontent.com/EGemoI2NTXmTsBVtJqk8jxF9rh8ApRWfsIMQSt2uE4OcpQqbFu7f7NbTK05lx80nuSijCz7sc3a277R67g","5",,"Love it ... Very much.","0","","2014.03","","2017-07-03T17:15:39.763Z","https://play.google.com/store/apps/details?id=jp.sblo.pandora.aGrep&reviewId=7775a1de-7367-4fd3-a586-7383642583b1"
"4e14f572-0959-4fe2-8209-d3267ab0c5ad","A Google user","https://play-lh.googleusercontent.com/EGemoI2NTXmTsBVtJqk8jxF9rh8ApRWfsIMQSt2uE4OcpQqbFu7f7NbTK05lx80nuSijCz7sc3a277R67g","5",,"Really useful. Great app!","0","","2014.03","","2017-06-13T20:01:48.570Z","https://play.google.com/store/apps/details?id=jp.sblo.pandora.aGrep&reviewId=4e14f572-0959-4fe2-8209-d3267ab0c5ad"
"ae9907e3-1e79-45ed-a5eb-a1041af1ffa7","A Google user","https://play-lh.googleusercontent.com/EGemoI2NTXmTsBVtJqk8jxF9rh8ApRWfsIMQSt2uE4OcpQqbFu7f7NbTK05lx80nuSijCz7sc3a277R67g","3",,"Not working on huawei p9 lite nougat, ""unable access"" all directory and not even found a simple text file but it's here. I dont give 1 star because the app latest update is 2014 and I believe it cause by runtime permission required since Android 6.","1","","2014.03","","2017-05-25T12:30:13.570Z","https://play.google.com/store/apps/details?id=jp.sblo.pandora.aGrep&reviewId=ae9907e3-1e79-45ed-a5eb-a1041af1ffa7"
"764695a5-e929-4f69-aaa2-229438130187","A Google user","https://play-lh.googleusercontent.com/EGemoI2NTXmTsBVtJqk8jxF9rh8ApRWfsIMQSt2uE4OcpQqbFu7f7NbTK05lx80nuSijCz7sc3a277R67g","5",,"Best app for find text, It would be desirable to copy the path  file Where the word was found","2","","2014.03","","2017-04-29T10:35:45.543Z","https://play.google.com/store/apps/details?id=jp.sblo.pandora.aGrep&reviewId=764695a5-e929-4f69-aaa2-229438130187"
"2519d71d-782c-4798-b6b4-ad8776af23e9","A Google user","https://play-lh.googleusercontent.com/EGemoI2NTXmTsBVtJqk8jxF9rh8ApRWfsIMQSt2uE4OcpQqbFu7f7NbTK05lx80nuSijCz7sc3a277R67g","5",,"Good grepper","0","","2014.03","","2017-03-09T15:48:12.329Z","https://play.google.com/store/apps/details?id=jp.sblo.pandora.aGrep&reviewId=2519d71d-782c-4798-b6b4-ad8776af23e9"
"37a47dcc-5eea-4883-87ed-e33edb667567","A Google user","https://play-lh.googleusercontent.com/EGemoI2NTXmTsBVtJqk8jxF9rh8ApRWfsIMQSt2uE4OcpQqbFu7f7NbTK05lx80nuSijCz7sc3a277R67g","5",,"Alhamdulillah,  Its a great app ever, I found all thee things in this app what I needed, thanks the developer team.  It searches the word even utf-8 in few seconds and no case sensitive, and then press any search line and go to the original file view,  GREAT! or press short tap to copy - the feature is also great. I found at last what I was looking for. Can I get the projects codes?","4","","2014.03","","2017-02-10T21:34:10.501Z","https://play.google.com/store/apps/details?id=jp.sblo.pandora.aGrep&reviewId=37a47dcc-5eea-4883-87ed-e33edb667567"
"2e0c7762-7c93-44f6-b11f-2083c5ec4b10","A Google user","https://play-lh.googleusercontent.com/EGemoI2NTXmTsBVtJqk8jxF9rh8ApRWfsIMQSt2uE4OcpQqbFu7f7NbTK05lx80nuSijCz7sc3a277R67g","5",,"Running Android 6 and your app cannot find anything, or at least never displays anything; just ""Now Searching"" popup, then ""Finished."" toast ... EDIT: reinstalled app and now it works perfectly!","1","","2014.03","","2016-11-06T13:52:27.849Z","https://play.google.com/store/apps/details?id=jp.sblo.pandora.aGrep&reviewId=2e0c7762-7c93-44f6-b11f-2083c5ec4b10"
"be977672-c890-4271-a49c-f147ad2a2986","A Google user","https://play-lh.googleusercontent.com/EGemoI2NTXmTsBVtJqk8jxF9rh8ApRWfsIMQSt2uE4OcpQqbFu7f7NbTK05lx80nuSijCz7sc3a277R67g","3",,"Will only search for files on my Samsung Tab A device storage but most of my docs are on my SD card","2","","2014.03","","2016-10-01T17:31:25.314Z","https://play.google.com/store/apps/details?id=jp.sblo.pandora.aGrep&reviewId=be977672-c890-4271-a49c-f147ad2a2986"
"e3dc9ea6-2ab8-4a18-9fe6-80210736ece0","A Google user","https://play-lh.googleusercontent.com/EGemoI2NTXmTsBVtJqk8jxF9rh8ApRWfsIMQSt2uE4OcpQqbFu7f7NbTK05lx80nuSijCz7sc3a277R67g","5",,"It is fast and easy to use. Thanks","1","","2014.03","","2016-09-26T15:11:07.170Z","https://play.google.com/store/apps/details?id=jp.sblo.pandora.aGrep&reviewId=e3dc9ea6-2ab8-4a18-9fe6-80210736ece0"
"c980e105-0815-4cb3-bdb8-c0ddbf3196b5","A Google user","https://play-lh.googleusercontent.com/EGemoI2NTXmTsBVtJqk8jxF9rh8ApRWfsIMQSt2uE4OcpQqbFu7f7NbTK05lx80nuSijCz7sc3a277R67g","4",,"Enjoying this app. Searching txt files made easy","1","","2014.03","","2016-09-23T02:31:02.440Z","https://play.google.com/store/apps/details?id=jp.sblo.pandora.aGrep&reviewId=c980e105-0815-4cb3-bdb8-c0ddbf3196b5"
"c1fa9087-4d2d-46f4-a105-a8a10e0af429","A Google user","https://play-lh.googleusercontent.com/EGemoI2NTXmTsBVtJqk8jxF9rh8ApRWfsIMQSt2uE4OcpQqbFu7f7NbTK05lx80nuSijCz7sc3a277R67g","3",,"Just try to select the target directory... Nothing there says how...","1","","2014.03","","2016-09-13T16:06:20.845Z","https://play.google.com/store/apps/details?id=jp.sblo.pandora.aGrep&reviewId=c1fa9087-4d2d-46f4-a105-a8a10e0af429"
"33f802d5-0414-4578-8f01-1f98ef044853","A Google user","https://play-lh.googleusercontent.com/EGemoI2NTXmTsBVtJqk8jxF9rh8ApRWfsIMQSt2uE4OcpQqbFu7f7NbTK05lx80nuSijCz7sc3a277R67g","5",,"meet my need","1","","2014.03","","2016-08-21T02:11:03.670Z","https://play.google.com/store/apps/details?id=jp.sblo.pandora.aGrep&reviewId=33f802d5-0414-4578-8f01-1f98ef044853"
"d05c492e-1c05-409d-a0b7-2ed5cd13987b","A Google user","https://play-lh.googleusercontent.com/EGemoI2NTXmTsBVtJqk8jxF9rh8ApRWfsIMQSt2uE4OcpQqbFu7f7NbTK05lx80nuSijCz7sc3a277R67g","1",,"Doesn't work. For my phone anyway.","1","","2014.03","","2016-08-11T23:12:20.492Z","https://play.google.com/store/apps/details?id=jp.sblo.pandora.aGrep&reviewId=d05c492e-1c05-409d-a0b7-2ed5cd13987b"
"542c6165-0077-4999-912c-8fdd640f30cf","A Google user","https://play-lh.googleusercontent.com/EGemoI2NTXmTsBVtJqk8jxF9rh8ApRWfsIMQSt2uE4OcpQqbFu7f7NbTK05lx80nuSijCz7sc3a277R67g","1",,"No works.","0","","2014.03","","2016-06-30T19:12:32.526Z","https://play.google.com/store/apps/details?id=jp.sblo.pandora.aGrep&reviewId=542c6165-0077-4999-912c-8fdd640f30cf"
"63939c1f-47b7-415f-b19a-050055895f12","A Google user","https://play-lh.googleusercontent.com/EGemoI2NTXmTsBVtJqk8jxF9rh8ApRWfsIMQSt2uE4OcpQqbFu7f7NbTK05lx80nuSijCz7sc3a277R67g","1",,"I can no longer add folders to search. It initially worked. Presume no longer updated to support latest annoying android security changes, although from reviews other users must be managing.","2","","2014.03","","2016-05-02T11:09:08.885Z","https://play.google.com/store/apps/details?id=jp.sblo.pandora.aGrep&reviewId=63939c1f-47b7-415f-b19a-050055895f12"
"e990896c-1087-48ba-a243-d3db7a897e3c","A Google user","https://play-lh.googleusercontent.com/EGemoI2NTXmTsBVtJqk8jxF9rh8ApRWfsIMQSt2uE4OcpQqbFu7f7NbTK05lx80nuSijCz7sc3a277R67g","5",,"I used the app to search for names in a directory with 20 text files (from 247KB up to 3927KB). The search uses regular expressions and ignores case. This app can really search for what I need to look for in the document. On my mobile phone (2 Cores 1.2GHz), the search process takes about 30 seconds, maybe up to 40 seconds to check the result for all the files. The same search process takes about 15 to 20 seconds On a tablet pc (4 Cores 1.3GHz). My default document viewer is having trouble opening these moderately big sized txt files  but with aGrep, opening and viewing the text within the search results is amazingly fast. It is also easy to cancel the searching so you can quickly change the search parameters if you made a mistake on your input. (Doing all this search process on a mainstream desktop PC will display the results instantaneously)  I don't know if it is about my Phone's processing power that the search result takes some time. From the apps that I have tried out so far, this is the only one that can do the task. Now, I'm just checking if there are other apps that can do it faster.","4","","2014.03","","2016-04-14T05:23:06.534Z","https://play.google.com/store/apps/details?id=jp.sblo.pandora.aGrep&reviewId=e990896c-1087-48ba-a243-d3db7a897e3c"
"04cc9f59-0f01-4445-9ffb-4b52c5dce0c8","A Google user","https://play-lh.googleusercontent.com/EGemoI2NTXmTsBVtJqk8jxF9rh8ApRWfsIMQSt2uE4OcpQqbFu7f7NbTK05lx80nuSijCz7sc3a277R67g","5",,"Very fast, very useful for me. I'm using a lot of large text files from different languages. This is very precious to me, thanx. Wish i can have more options for the display","2","","2014.03","","2016-04-03T02:23:11.216Z","https://play.google.com/store/apps/details?id=jp.sblo.pandora.aGrep&reviewId=04cc9f59-0f01-4445-9ffb-4b52c5dce0c8"
"33f77b0a-fd76-483b-8522-1fb8217335c9","A Google user","https://play-lh.googleusercontent.com/EGemoI2NTXmTsBVtJqk8jxF9rh8ApRWfsIMQSt2uE4OcpQqbFu7f7NbTK05lx80nuSijCz7sc3a277R67g","5",,"workz exactly as described","1","","2014.03","","2016-03-11T17:03:28.546Z","https://play.google.com/store/apps/details?id=jp.sblo.pandora.aGrep&reviewId=33f77b0a-fd76-483b-8522-1fb8217335c9"
"29190ba0-d1b4-48ef-aad3-39d2bb5ffbe5","A Google user","https://play-lh.googleusercontent.com/EGemoI2NTXmTsBVtJqk8jxF9rh8ApRWfsIMQSt2uE4OcpQqbFu7f7NbTK05lx80nuSijCz7sc3a277R67g","5",,"Thank you for such great applications. No issues so far from side. App does what it should do by intention. Keep it up devs!","3","","2014.03","","2016-02-23T04:05:21.692Z","https://play.google.com/store/apps/details?id=jp.sblo.pandora.aGrep&reviewId=29190ba0-d1b4-48ef-aad3-39d2bb5ffbe5"
"f71e0616-3f5b-465c-8f67-b9b2bbd5a17d","A Google user","https://play-lh.googleusercontent.com/EGemoI2NTXmTsBVtJqk8jxF9rh8ApRWfsIMQSt2uE4OcpQqbFu7f7NbTK05lx80nuSijCz7sc3a277R67g","5",,"I searched for 'search text' apps. They searched whole disk to find a string. Finally this app searches spcicific directory and extension provided. Also this Android 5.0 update seems to work well.","2","","2014.03","","2016-02-12T16:10:31.666Z","https://play.google.com/store/apps/details?id=jp.sblo.pandora.aGrep&reviewId=f71e0616-3f5b-465c-8f67-b9b2bbd5a17d"
"d019a2fa-4370-403f-b86c-893dc274487a","A Google user","https://play-lh.googleusercontent.com/EGemoI2NTXmTsBVtJqk8jxF9rh8ApRWfsIMQSt2uE4OcpQqbFu7f7NbTK05lx80nuSijCz7sc3a277R67g","5",,"finds files with words i am looking for","0","","","","2015-11-19T16:20:41.110Z","https://play.google.com/store/apps/details?id=jp.sblo.pandora.aGrep&reviewId=d019a2fa-4370-403f-b86c-893dc274487a"
"e86d3b44-1740-43a4-9f9e-a2c0cd9fd7f3","A Google user","https://play-lh.googleusercontent.com/EGemoI2NTXmTsBVtJqk8jxF9rh8ApRWfsIMQSt2uE4OcpQqbFu7f7NbTK05lx80nuSijCz7sc3a277R67g","4",,"this app lacks a few features, 1) search in all partitions/filesystems including the system ones. 2) toggle following symbolic links on/off. if these features can be implemented, that'd be great.","0","","","","2015-10-25T11:41:04.531Z","https://play.google.com/store/apps/details?id=jp.sblo.pandora.aGrep&reviewId=e86d3b44-1740-43a4-9f9e-a2c0cd9fd7f3"
"c138b5e9-b7cb-4ddf-88a0-b74853747a71","A Google user","https://play-lh.googleusercontent.com/EGemoI2NTXmTsBVtJqk8jxF9rh8ApRWfsIMQSt2uE4OcpQqbFu7f7NbTK05lx80nuSijCz7sc3a277R67g","5",,"i love it simple yet powerful , very useful tool for devs like me , but hope you decorate it and develop furterer abilities","0","","","","2015-07-25T18:04:27.462Z","https://play.google.com/store/apps/details?id=jp.sblo.pandora.aGrep&reviewId=c138b5e9-b7cb-4ddf-88a0-b74853747a71"
"77ebdeff-df9a-473f-b648-0ef31b96e196","A Google user","https://play-lh.googleusercontent.com/EGemoI2NTXmTsBVtJqk8jxF9rh8ApRWfsIMQSt2uE4OcpQqbFu7f7NbTK05lx80nuSijCz7sc3a277R67g","5",,"Does all it promised, and even intents to other editors","1","","2014.03","","2015-07-23T11:11:48.424Z","https://play.google.com/store/apps/details?id=jp.sblo.pandora.aGrep&reviewId=77ebdeff-df9a-473f-b648-0ef31b96e196"
"a34e15a4-3603-4f47-ad8d-a2dbb1329821","A Google user","https://play-lh.googleusercontent.com/EGemoI2NTXmTsBVtJqk8jxF9rh8ApRWfsIMQSt2uE4OcpQqbFu7f7NbTK05lx80nuSijCz7sc3a277R67g","1",,"1st I went to the directory where I knew where the files I was searching for was.Then it turned up nothing. Finally I added.html &.jpg to file extensions to search for, and still nothing it said 'finished' but still nothing.Why doesnt this app work..no wonder its only 300kb big if it cant find anything.Edit: Just tryed it again but this time to search for a .gif I knew was in a folder.It still turned up nothing.Why cant it find any files?Or search within html files to find references to .gif or .jpg images?","0","","","","2015-07-19T20:28:19.364Z","https://play.google.com/store/apps/details?id=jp.sblo.pandora.aGrep&reviewId=a34e15a4-3603-4f47-ad8d-a2dbb1329821"
"8e8c5d9d-4ce3-47e3-9ddf-e61721d90aa6","A Google user","https://play-lh.googleusercontent.com/EGemoI2NTXmTsBVtJqk8jxF9rh8ApRWfsIMQSt2uE4OcpQqbFu7f7NbTK05lx80nuSijCz7sc3a277R67g","5",,"Programs like this give hope to Android and smart phones of the potential to function like a real desktop computer...","4","","2014.03","","2015-06-03T05:04:34.591Z","https://play.google.com/store/apps/details?id=jp.sblo.pandora.aGrep&reviewId=8e8c5d9d-4ce3-47e3-9ddf-e61721d90aa6"
"532cca6b-1189-4c5c-9c5b-d3b44f014ae6","A Google user","https://play-lh.googleusercontent.com/EGemoI2NTXmTsBVtJqk8jxF9rh8ApRWfsIMQSt2uE4OcpQqbFu7f7NbTK05lx80nuSijCz7sc3a277R67g","5",,"Pretty impressive app,allows me to grep files on the bus without having to break out the laptop. (Yes I have to do this more then any body believes) :)","2","","2014.03","","2015-05-31T00:29:19.174Z","https://play.google.com/store/apps/details?id=jp.sblo.pandora.aGrep&reviewId=532cca6b-1189-4c5c-9c5b-d3b44f014ae6"
"d38f6e00-65ee-4fef-9bf6-25b2b13c8c68","A Google user","https://play-lh.googleusercontent.com/EGemoI2NTXmTsBVtJqk8jxF9rh8ApRWfsIMQSt2uE4OcpQqbFu7f7NbTK05lx80nuSijCz7sc3a277R67g","5",,"Excellent","1","","2014.03","","2015-05-24T16:34:02.800Z","https://play.google.com/store/apps/details?id=jp.sblo.pandora.aGrep&reviewId=d38f6e00-65ee-4fef-9bf6-25b2b13c8c68"
"8ca92f6b-c6b3-45a4-8826-d278185ccbe7","A Google user","https://play-lh.googleusercontent.com/EGemoI2NTXmTsBVtJqk8jxF9rh8ApRWfsIMQSt2uE4OcpQqbFu7f7NbTK05lx80nuSijCz7sc3a277R67g","5",,"Very useful, especially when you're used to using grep in linux.","2","","2014.03","","2015-04-25T00:17:09.215Z","https://play.google.com/store/apps/details?id=jp.sblo.pandora.aGrep&reviewId=8ca92f6b-c6b3-45a4-8826-d278185ccbe7"
"142bccdb-9be4-4093-94f7-292147ef7c87","A Google user","https://play-lh.googleusercontent.com/EGemoI2NTXmTsBVtJqk8jxF9rh8ApRWfsIMQSt2uE4OcpQqbFu7f7NbTK05lx80nuSijCz7sc3a277R67g","5",,"No crash or whatsoever. You just need to use it correctly","1","","2014.03","","2015-02-22T00:21:55.919Z","https://play.google.com/store/apps/details?id=jp.sblo.pandora.aGrep&reviewId=142bccdb-9be4-4093-94f7-292147ef7c87"
"00be515f-a94f-43bb-9b95-be6cfe223049","A Google user","https://play-lh.googleusercontent.com/EGemoI2NTXmTsBVtJqk8jxF9rh8ApRWfsIMQSt2uE4OcpQqbFu7f7NbTK05lx80nuSijCz7sc3a277R67g","3",,"Searching for some characters (such as \)  causes the app to instantly crash. Little buggy,  but appears to work OK.","4","","2014.03","","2015-02-19T12:36:05.852Z","https://play.google.com/store/apps/details?id=jp.sblo.pandora.aGrep&reviewId=00be515f-a94f-43bb-9b95-be6cfe223049"
"1cb6f277-ce17-4163-9f2f-e548e962d8e7","A Google user","https://play-lh.googleusercontent.com/EGemoI2NTXmTsBVtJqk8jxF9rh8ApRWfsIMQSt2uE4OcpQqbFu7f7NbTK05lx80nuSijCz7sc3a277R67g","5",,"Great tool","1","","2014.03","","2015-01-17T15:59:07.129Z","https://play.google.com/store/apps/details?id=jp.sblo.pandora.aGrep&reviewId=1cb6f277-ce17-4163-9f2f-e548e962d8e7"
"6c9ec0ce-651a-43e3-83ff-b536cb979bf3","A Google user","https://play-lh.googleusercontent.com/EGemoI2NTXmTsBVtJqk8jxF9rh8ApRWfsIMQSt2uE4OcpQqbFu7f7NbTK05lx80nuSijCz7sc3a277R67g","1",,"This application has a major problem: it does not find the word you are searching for, if that word is in the file-name..!!! Example:  suppose you have a folder containing hundreds of text files. you are searching for some word, say:  xyz. If xyz is in the body of some file, it will be found and displayed correctly. But if xyz is in the file-name of that  file, it will not be shown..!! I understand a search tool should find all occurrences of the target word, both in the file-body and in the file-name.. Please adjust and I'll give you five stars.. Thanks","10","","2014.03","","2014-12-29T18:23:53.840Z","https://play.google.com/store/apps/details?id=jp.sblo.pandora.aGrep&reviewId=6c9ec0ce-651a-43e3-83ff-b536cb979bf3"
"52008f72-79fd-47f8-bb20-b12d25e25f68","A Google user","https://play-lh.googleusercontent.com/EGemoI2NTXmTsBVtJqk8jxF9rh8ApRWfsIMQSt2uE4OcpQqbFu7f7NbTK05lx80nuSijCz7sc3a277R67g","3",,"it does not allow you to simply write the search path,  you need to browse to it,  and i could not browse to the whole device including the external sd card.","5","","2014.03","","2014-11-29T01:59:35.201Z","https://play.google.com/store/apps/details?id=jp.sblo.pandora.aGrep&reviewId=52008f72-79fd-47f8-bb20-b12d25e25f68"
"d78dfadb-7797-4f73-a078-7d3e7fdc2c92","A Google user","https://play-lh.googleusercontent.com/EGemoI2NTXmTsBVtJqk8jxF9rh8ApRWfsIMQSt2uE4OcpQqbFu7f7NbTK05lx80nuSijCz7sc3a277R67g","5",,"Thank you!","2","","2014.03","","2014-11-15T17:00:25.260Z","https://play.google.com/store/apps/details?id=jp.sblo.pandora.aGrep&reviewId=d78dfadb-7797-4f73-a078-7d3e7fdc2c92"
"ffe95897-9c30-47b1-9dc4-dd41bc6c11ad","A Google user","https://play-lh.googleusercontent.com/EGemoI2NTXmTsBVtJqk8jxF9rh8ApRWfsIMQSt2uE4OcpQqbFu7f7NbTK05lx80nuSijCz7sc3a277R67g","5",,"Great","0","","2014.02","","2014-11-05T12:19:13.676Z","https://play.google.com/store/apps/details?id=jp.sblo.pandora.aGrep&reviewId=ffe95897-9c30-47b1-9dc4-dd41bc6c11ad"
"478cf173-2772-4458-9188-31cd01cbc0ae","A Google user","https://play-lh.googleusercontent.com/EGemoI2NTXmTsBVtJqk8jxF9rh8ApRWfsIMQSt2uE4OcpQqbFu7f7NbTK05lx80nuSijCz7sc3a277R67g","1",,"Had to uninstall. Seems like a good idea, if it worked.","0","","","","2014-10-20T22:17:12.626Z","https://play.google.com/store/apps/details?id=jp.sblo.pandora.aGrep&reviewId=478cf173-2772-4458-9188-31cd01cbc0ae"
"177468c9-c9c2-4950-b276-f015c1265f72","A Google user","https://play-lh.googleusercontent.com/EGemoI2NTXmTsBVtJqk8jxF9rh8ApRWfsIMQSt2uE4OcpQqbFu7f7NbTK05lx80nuSijCz7sc3a277R67g","3",,"Couldn't select directory as /. Why selecting directory had to be difficult?","1","","2014.02","","2014-10-20T21:45:52.443Z","https://play.google.com/store/apps/details?id=jp.sblo.pandora.aGrep&reviewId=177468c9-c9c2-4950-b276-f015c1265f72"
"7037ce16-6d32-4b6c-9490-c254e11b1112","A Google user","https://play-lh.googleusercontent.com/EGemoI2NTXmTsBVtJqk8jxF9rh8ApRWfsIMQSt2uE4OcpQqbFu7f7NbTK05lx80nuSijCz7sc3a277R67g","4",,"there is ""find and replace"" feature .","0","","0.2.8","","2014-09-12T21:23:38.949Z","https://play.google.com/store/apps/details?id=jp.sblo.pandora.aGrep&reviewId=7037ce16-6d32-4b6c-9490-c254e11b1112"
"2b9239f9-c0e0-4b38-8b8e-c7b54674704f","A Google user","https://play-lh.googleusercontent.com/EGemoI2NTXmTsBVtJqk8jxF9rh8ApRWfsIMQSt2uE4OcpQqbFu7f7NbTK05lx80nuSijCz7sc3a277R67g","5",,"Exactly what I was looking for","0","","2014.02","","2014-07-17T17:41:05.501Z","https://play.google.com/store/apps/details?id=jp.sblo.pandora.aGrep&reviewId=2b9239f9-c0e0-4b38-8b8e-c7b54674704f"
"2a116a0f-dc93-4bdb-9fb0-810007ca4534","A Google user","https://play-lh.googleusercontent.com/EGemoI2NTXmTsBVtJqk8jxF9rh8ApRWfsIMQSt2uE4OcpQqbFu7f7NbTK05lx80nuSijCz7sc3a277R67g","5",,"This app makes learning RegEx worthwhile. Deceptively simple looking gui implements elegant & very powerful text search function. ..and it's fast.","1","","2014.02","","2014-05-27T17:42:51.540Z","https://play.google.com/store/apps/details?id=jp.sblo.pandora.aGrep&reviewId=2a116a0f-dc93-4bdb-9fb0-810007ca4534"
"bc9332ad-bc08-4c95-b69f-0b07ee3060fc","A Google user","https://play-lh.googleusercontent.com/EGemoI2NTXmTsBVtJqk8jxF9rh8ApRWfsIMQSt2uE4OcpQqbFu7f7NbTK05lx80nuSijCz7sc3a277R67g","5",,"An essential app if you use actual words. Even better if you use structured text data and regular expressions.","0","","2014.02","","2014-05-27T05:34:15.343Z","https://play.google.com/store/apps/details?id=jp.sblo.pandora.aGrep&reviewId=bc9332ad-bc08-4c95-b69f-0b07ee3060fc"
"98ed0595-095d-4d2a-81a0-d39b7bdd425b","A Google user","https://play-lh.googleusercontent.com/EGemoI2NTXmTsBVtJqk8jxF9rh8ApRWfsIMQSt2uE4OcpQqbFu7f7NbTK05lx80nuSijCz7sc3a277R67g","5",,"Nice to have a useful, Noninvasive App. Thanks to developer.","0","","2014.01","","2014-05-12T22:42:46.934Z","https://play.google.com/store/apps/details?id=jp.sblo.pandora.aGrep&reviewId=98ed0595-095d-4d2a-81a0-d39b7bdd425b"
"58fb3879-50ea-4850-9c53-cf5bc12cb7e5","A Google user","https://play-lh.googleusercontent.com/EGemoI2NTXmTsBVtJqk8jxF9rh8ApRWfsIMQSt2uE4OcpQqbFu7f7NbTK05lx80nuSijCz7sc3a277R67g","5",,"It is often the seemingly simple apps that are the most useful on a day to day basis. As a consultant I frequently need to look up material sizes, specifications etc. This is generally the quickest way of doing it- just paste all your tables/ data into various text files & use this to fish out what you need.","1","","2014.01","","2014-04-23T12:32:30.321Z","https://play.google.com/store/apps/details?id=jp.sblo.pandora.aGrep&reviewId=58fb3879-50ea-4850-9c53-cf5bc12cb7e5"
"8c55cf07-74f3-4c3e-85ff-608bafb7e8e5","A Google user","https://play-lh.googleusercontent.com/EGemoI2NTXmTsBVtJqk8jxF9rh8ApRWfsIMQSt2uE4OcpQqbFu7f7NbTK05lx80nuSijCz7sc3a277R67g","5",,"Great when you need to find something.","0","","2014.01","","2014-04-21T01:51:14.784Z","https://play.google.com/store/apps/details?id=jp.sblo.pandora.aGrep&reviewId=8c55cf07-74f3-4c3e-85ff-608bafb7e8e5"
"d10a33d7-acc3-4d78-bd8a-1e71440d1073","A Google user","https://play-lh.googleusercontent.com/EGemoI2NTXmTsBVtJqk8jxF9rh8ApRWfsIMQSt2uE4OcpQqbFu7f7NbTK05lx80nuSijCz7sc3a277R67g","5",,"Excellent","0","","2014.01","","2014-04-20T12:50:27.190Z","https://play.google.com/store/apps/details?id=jp.sblo.pandora.aGrep&reviewId=d10a33d7-acc3-4d78-bd8a-1e71440d1073"
"13b341df-2574-4f31-b416-6c0f90893d27","A Google user","https://play-lh.googleusercontent.com/EGemoI2NTXmTsBVtJqk8jxF9rh8ApRWfsIMQSt2uE4OcpQqbFu7f7NbTK05lx80nuSijCz7sc3a277R67g","5",,"Recommended by equally superb companion app JOTA & JOTA+ PEACE","1","","0.2.8","","2014-04-16T19:37:06.250Z","https://play.google.com/store/apps/details?id=jp.sblo.pandora.aGrep&reviewId=13b341df-2574-4f31-b416-6c0f90893d27"
"5d15da49-d55d-4414-a4ed-d718a802c8f0","A Google user","https://play-lh.googleusercontent.com/EGemoI2NTXmTsBVtJqk8jxF9rh8ApRWfsIMQSt2uE4OcpQqbFu7f7NbTK05lx80nuSijCz7sc3a277R67g","5",,"So cool that they put in egrep style multiple regexp searching.  Very useful.  I have a large working set of notes, lists and source files and this nails it.  Thanks.","1","","0.2.8","","2014-04-02T14:41:28.935Z","https://play.google.com/store/apps/details?id=jp.sblo.pandora.aGrep&reviewId=5d15da49-d55d-4414-a4ed-d718a802c8f0"
"8c4f4019-8062-4371-88e0-915f6eadf0f1","A Google user","https://play-lh.googleusercontent.com/EGemoI2NTXmTsBVtJqk8jxF9rh8ApRWfsIMQSt2uE4OcpQqbFu7f7NbTK05lx80nuSijCz7sc3a277R67g","5",,"Great app!","1","","0.2.8","","2013-11-22T18:34:07.793Z","https://play.google.com/store/apps/details?id=jp.sblo.pandora.aGrep&reviewId=8c4f4019-8062-4371-88e0-915f6eadf0f1"
"cc9791c7-c986-4e1e-9907-a6eeedd890dd","A Google user","https://play-lh.googleusercontent.com/EGemoI2NTXmTsBVtJqk8jxF9rh8ApRWfsIMQSt2uE4OcpQqbFu7f7NbTK05lx80nuSijCz7sc3a277R67g","5",,"Excellent app for searching for text in files.","0","","0.2.7","","2013-08-06T03:58:44.453Z","https://play.google.com/store/apps/details?id=jp.sblo.pandora.aGrep&reviewId=cc9791c7-c986-4e1e-9907-a6eeedd890dd"
"34822353-4cdc-4469-ab43-772076942a2f","A Google user","https://play-lh.googleusercontent.com/EGemoI2NTXmTsBVtJqk8jxF9rh8ApRWfsIMQSt2uE4OcpQqbFu7f7NbTK05lx80nuSijCz7sc3a277R67g","5",,"it very much the useful thing","0","","","","2013-07-22T22:34:56.427Z","https://play.google.com/store/apps/details?id=jp.sblo.pandora.aGrep&reviewId=34822353-4cdc-4469-ab43-772076942a2f"
"458e4fbc-2419-4794-806c-d68c65692abf","A Google user","https://play-lh.googleusercontent.com/EGemoI2NTXmTsBVtJqk8jxF9rh8ApRWfsIMQSt2uE4OcpQqbFu7f7NbTK05lx80nuSijCz7sc3a277R67g","5",,"really nice tool!","0","","","","2013-07-06T21:26:14.900Z","https://play.google.com/store/apps/details?id=jp.sblo.pandora.aGrep&reviewId=458e4fbc-2419-4794-806c-d68c65692abf"
"a3f78526-ffc8-4021-9c08-1f7ced18a82e","A Google user","https://play-lh.googleusercontent.com/EGemoI2NTXmTsBVtJqk8jxF9rh8ApRWfsIMQSt2uE4OcpQqbFu7f7NbTK05lx80nuSijCz7sc3a277R67g","5",,"aGrep is aGreat app....   it fills in one big lacking feature on my Droid phone -- multi-file search. This is pretty much what I've been looking for.  Before aGrep, I had to search text files one-by-one.  aGrep automatically searches a file list and shows all matches.","0","","0.2.7","","2013-06-30T04:16:47.689Z","https://play.google.com/store/apps/details?id=jp.sblo.pandora.aGrep&reviewId=a3f78526-ffc8-4021-9c08-1f7ced18a82e"
"1d945c6f-4d86-405b-9cee-6faaf634a15f","A Google user","https://play-lh.googleusercontent.com/EGemoI2NTXmTsBVtJqk8jxF9rh8ApRWfsIMQSt2uE4OcpQqbFu7f7NbTK05lx80nuSijCz7sc3a277R67g","5",,"Really good !! A must if you have a lot of data on your mobile !","0","","0.2.7","","2013-06-28T07:09:20.913Z","https://play.google.com/store/apps/details?id=jp.sblo.pandora.aGrep&reviewId=1d945c6f-4d86-405b-9cee-6faaf634a15f"
"fa7e754b-668e-4305-a5aa-0e96aad4716f","A Google user","https://play-lh.googleusercontent.com/EGemoI2NTXmTsBVtJqk8jxF9rh8ApRWfsIMQSt2uE4OcpQqbFu7f7NbTK05lx80nuSijCz7sc3a277R67g","5",,"It does exactly what I wanted it to do....  Search string/text/word written inside the text file and return the containing file. Superb..... Devs, u people ROCK! keep up the good work Cheers :-)","0","","0.2.7","","2013-05-29T17:44:36.604Z","https://play.google.com/store/apps/details?id=jp.sblo.pandora.aGrep&reviewId=fa7e754b-668e-4305-a5aa-0e96aad4716f"
"21c3114b-faeb-4c5b-ac42-ba1cb454bf34","A Google user","https://play-lh.googleusercontent.com/EGemoI2NTXmTsBVtJqk8jxF9rh8ApRWfsIMQSt2uE4OcpQqbFu7f7NbTK05lx80nuSijCz7sc3a277R67g","5",,"You are pro aquamarine,","0","","","","2013-04-08T15:50:35.711Z","https://play.google.com/store/apps/details?id=jp.sblo.pandora.aGrep&reviewId=21c3114b-faeb-4c5b-ac42-ba1cb454bf34"
"90e5ce26-7567-4543-98a9-2ec6ffb83dc4","A Google user","https://play-lh.googleusercontent.com/EGemoI2NTXmTsBVtJqk8jxF9rh8ApRWfsIMQSt2uE4OcpQqbFu7f7NbTK05lx80nuSijCz7sc3a277R67g","5",,"Can you allow changing the background color?  It's uncomfortable after long on this OLED screen.","1","","0.2.5","","2012-12-04T13:35:24.430Z","https://play.google.com/store/apps/details?id=jp.sblo.pandora.aGrep&reviewId=90e5ce26-7567-4543-98a9-2ec6ffb83dc4"
"cf2dfe80-3ab0-44c3-b66b-10b8210ba9c5","A Google user","https://play-lh.googleusercontent.com/EGemoI2NTXmTsBVtJqk8jxF9rh8ApRWfsIMQSt2uE4OcpQqbFu7f7NbTK05lx80nuSijCz7sc3a277R67g","5",,"Love the copy-to-clipboard feature - so convenient!  In case you're not aware of this feature, just tap on the line that you want to copy to trigger it. :)","3","","0.2.7","","2012-11-18T11:10:41.436Z","https://play.google.com/store/apps/details?id=jp.sblo.pandora.aGrep&reviewId=cf2dfe80-3ab0-44c3-b66b-10b8210ba9c5"
"2d26c57c-86b8-493a-85ce-4cf73d1806b0","A Google user","https://play-lh.googleusercontent.com/EGemoI2NTXmTsBVtJqk8jxF9rh8ApRWfsIMQSt2uE4OcpQqbFu7f7NbTK05lx80nuSijCz7sc3a277R67g","5",,"But ...this year is 2012, not 2011...","0","","0.2.7","","2012-11-18T10:38:51.865Z","https://play.google.com/store/apps/details?id=jp.sblo.pandora.aGrep&reviewId=2d26c57c-86b8-493a-85ce-4cf73d1806b0"
"8b27a0cc-67f1-4b9d-be4e-8f665535342b","A Google user","https://play-lh.googleusercontent.com/EGemoI2NTXmTsBVtJqk8jxF9rh8ApRWfsIMQSt2uE4OcpQqbFu7f7NbTK05lx80nuSijCz7sc3a277R67g","5",,"Couldn't use Android seriously without it.","0","","0.2.5","","2012-11-18T09:53:46.104Z","https://play.google.com/store/apps/details?id=jp.sblo.pandora.aGrep&reviewId=8b27a0cc-67f1-4b9d-be4e-8f665535342b"
"675516ca-ec48-46e9-867a-524bf2a5225c","A Google user","https://play-lh.googleusercontent.com/EGemoI2NTXmTsBVtJqk8jxF9rh8ApRWfsIMQSt2uE4OcpQqbFu7f7NbTK05lx80nuSijCz7sc3a277R67g","5",,"I had a 1.5 MB network traffic trace that was choking my Android text editors when trying to do simple searches.   downloaded this app and literally within seconds had grepped out the 2 lines of importance to me... even better and to my joyous surprise was that selecting either grepped item took me into the text file and allowed me to look in context with grep term highlighted.   Simple, clean, fast and intuitive!","2","","0.2.5","","2012-10-04T17:38:56.846Z","https://play.google.com/store/apps/details?id=jp.sblo.pandora.aGrep&reviewId=675516ca-ec48-46e9-867a-524bf2a5225c"
"bac7b1b3-2884-4adc-b0ed-2093470cdc80","A Google user","https://play-lh.googleusercontent.com/EGemoI2NTXmTsBVtJqk8jxF9rh8ApRWfsIMQSt2uE4OcpQqbFu7f7NbTK05lx80nuSijCz7sc3a277R67g","1",,"It works to find a document (eg, a pdf), but it's useless, because then when I tap to open the item, it opens it as a huge text file full of gibberish, instead of letting the correct default program (eg, Adobe Reader) open it.","1","","0.2.5","","2012-09-27T02:32:46.969Z","https://play.google.com/store/apps/details?id=jp.sblo.pandora.aGrep&reviewId=bac7b1b3-2884-4adc-b0ed-2093470cdc80"
"4240fe8c-b50f-4403-b16a-8ddf8396fc1a","A Google user","https://play-lh.googleusercontent.com/EGemoI2NTXmTsBVtJqk8jxF9rh8ApRWfsIMQSt2uE4OcpQqbFu7f7NbTK05lx80nuSijCz7sc3a277R67g","5",,"This little search utility is a handy grep-like program for your phone.  In some ways, the regex supported is more advanced than grep, for instance, I was able to do lookaheads - (?=EXP) that you can't do in grep, presumably because this uses java regular expressions instead of POSIX regular expressions.  I give it 5 stars because it is really quite useful, but I do have one little suggestion: while I do like the mode of searching in specific folders and with specific file extensions, sometimes I want to search only a single file, even if there are other files with the same extension in that folder.  So, being able to specify only certain files (instead of which folders/extensions) would be useful in addition to the search mode that already exists.","2","","0.2.5","","2012-06-03T19:49:09.942Z","https://play.google.com/store/apps/details?id=jp.sblo.pandora.aGrep&reviewId=4240fe8c-b50f-4403-b16a-8ddf8396fc1a"
"efc6fac5-e7df-4b63-be33-02461f5e1d2b","A Google user","https://play-lh.googleusercontent.com/EGemoI2NTXmTsBVtJqk8jxF9rh8ApRWfsIMQSt2uE4OcpQqbFu7f7NbTK05lx80nuSijCz7sc3a277R67g","5",,"Works well :)","0","","0.2.5","","2012-05-30T23:14:53.540Z","https://play.google.com/store/apps/details?id=jp.sblo.pandora.aGrep&reviewId=efc6fac5-e7df-4b63-be33-02461f5e1d2b"
"20f1c7ba-c02f-4f5a-b7dd-e4e7dd79610f","A Google user","https://play-lh.googleusercontent.com/EGemoI2NTXmTsBVtJqk8jxF9rh8ApRWfsIMQSt2uE4OcpQqbFu7f7NbTK05lx80nuSijCz7sc3a277R67g","5",,"I wrote a perl program like aGrep called igrep.  I use igrep on Mac, PCs, and Linux, but have searched and searched for a handheld app with igrep functionality.  THIS IS IT!  I use aGrep (and igrep) as a personal information manager, and could not live without it.  My thanks to the developer!  Dropbox interface would be a nice enhancement.  (For now, I use FolderSync Lite.)","1","","0.2.5","","2012-05-28T12:53:02.140Z","https://play.google.com/store/apps/details?id=jp.sblo.pandora.aGrep&reviewId=20f1c7ba-c02f-4f5a-b7dd-e4e7dd79610f"
"c141a973-c797-46fd-a5f5-c2b258f3151a","A Google user","https://play-lh.googleusercontent.com/EGemoI2NTXmTsBVtJqk8jxF9rh8ApRWfsIMQSt2uE4OcpQqbFu7f7NbTK05lx80nuSijCz7sc3a277R67g","5",,"this is just what i needed!! i have a directory full of html files, each one corresponding to a bus stop in my city. with this app, i can search through all the files to find the name of a cross street within the file. this program has a good, simple, easy interface. this program has a text reader built into it. Click a result, it will open in the text viewer. When you are in the text viewer, click the menu button, and you can view the file in any other installed app that is able to view the filetype.","1","","0.2.5","","2012-05-22T13:07:43.204Z","https://play.google.com/store/apps/details?id=jp.sblo.pandora.aGrep&reviewId=c141a973-c797-46fd-a5f5-c2b258f3151a"
"5a928e08-0ed8-4468-bc79-e98faa7b0c8e","A Google user","https://play-lh.googleusercontent.com/EGemoI2NTXmTsBVtJqk8jxF9rh8ApRWfsIMQSt2uE4OcpQqbFu7f7NbTK05lx80nuSijCz7sc3a277R67g","5",,"Words cannot describe how much I love aGrep.  I've been looking for an app like this for a long time.  This one searches multiple text files and is FAST, complete, and thorough.  If you have text files and you need to do keyword searching, you need this.  Text editor apps all seem to struggle with searching; this app is built for it.","2","","0.2.5","","2012-05-16T22:50:17.908Z","https://play.google.com/store/apps/details?id=jp.sblo.pandora.aGrep&reviewId=5a928e08-0ed8-4468-bc79-e98faa7b0c8e"
"4c4133db-3f37-44cc-a6d4-7ba99caeb4ad","A Google user","https://play-lh.googleusercontent.com/EGemoI2NTXmTsBVtJqk8jxF9rh8ApRWfsIMQSt2uE4OcpQqbFu7f7NbTK05lx80nuSijCz7sc3a277R67g","4",,"Just what I needed!","0","","0.2.5","","2012-04-14T06:00:50.250Z","https://play.google.com/store/apps/details?id=jp.sblo.pandora.aGrep&reviewId=4c4133db-3f37-44cc-a6d4-7ba99caeb4ad"
"2d53b43a-5bd5-4c2c-9fd3-34226f822b2b","A Google user","https://play-lh.googleusercontent.com/EGemoI2NTXmTsBVtJqk8jxF9rh8ApRWfsIMQSt2uE4OcpQqbFu7f7NbTK05lx80nuSijCz7sc3a277R67g","5",,"Great! Thanks for these apps","0","","","","2012-04-09T13:21:48.576Z","https://play.google.com/store/apps/details?id=jp.sblo.pandora.aGrep&reviewId=2d53b43a-5bd5-4c2c-9fd3-34226f822b2b"
"91f36887-d75a-4aa3-93c0-4f4d703a91ee","A Google user","https://play-lh.googleusercontent.com/EGemoI2NTXmTsBVtJqk8jxF9rh8ApRWfsIMQSt2uE4OcpQqbFu7f7NbTK05lx80nuSijCz7sc3a277R67g","5",,"Using to find is a bit unintuitive. Other than that it works great.","1","","0.2.5","","2012-03-10T05:37:09.580Z","https://play.google.com/store/apps/details?id=jp.sblo.pandora.aGrep&reviewId=91f36887-d75a-4aa3-93c0-4f4d703a91ee"
"853ef1b1-9a1d-497c-9515-8ecae7b3abbf","A Google user","https://play-lh.googleusercontent.com/EGemoI2NTXmTsBVtJqk8jxF9rh8ApRWfsIMQSt2uE4OcpQqbFu7f7NbTK05lx80nuSijCz7sc3a277R67g","4",,"I have a couple ""ideas"" I'd like to throw at you, though.  What are the chances of enabling it to search LAN connections (e.g., as ES File Explorer enables wireless connection with PC)?  In other words, enabling it to search my PC from my phone.  Also, can you incorporate an ability to search djv/djvu files?  (Motorola Atrix 4G)","1","","","","2012-01-08T20:14:45.526Z","https://play.google.com/store/apps/details?id=jp.sblo.pandora.aGrep&reviewId=853ef1b1-9a1d-497c-9515-8ecae7b3abbf"
"1393eebc-b6b4-4992-bfb6-21b5d5dcaaf8","A Google user","https://play-lh.googleusercontent.com/EGemoI2NTXmTsBVtJqk8jxF9rh8ApRWfsIMQSt2uE4OcpQqbFu7f7NbTK05lx80nuSijCz7sc3a277R67g","4",,"Needs to show path in search results.","4","","0.2.5","","2011-11-24T08:24:52.850Z","https://play.google.com/store/apps/details?id=jp.sblo.pandora.aGrep&reviewId=1393eebc-b6b4-4992-bfb6-21b5d5dcaaf8"
"db1b1a29-e68a-4f4c-8b76-f8ea680435ce","A Google user","https://play-lh.googleusercontent.com/EGemoI2NTXmTsBVtJqk8jxF9rh8ApRWfsIMQSt2uE4OcpQqbFu7f7NbTK05lx80nuSijCz7sc3a277R67g","2",,"Could be very useful, but for me it has the fatal flaw that it seems to only look at the first 10k of a file.","1","","0.2.5","","2011-11-11T16:51:05.286Z","https://play.google.com/store/apps/details?id=jp.sblo.pandora.aGrep&reviewId=db1b1a29-e68a-4f4c-8b76-f8ea680435ce"
"3b57622b-7254-4fd3-889a-fcf287a2676b","A Google user","https://play-lh.googleusercontent.com/EGemoI2NTXmTsBVtJqk8jxF9rh8ApRWfsIMQSt2uE4OcpQqbFu7f7NbTK05lx80nuSijCz7sc3a277R67g","5",,"Very well done - have been looking for something like this for ages","1","","0.2.5","","2011-10-20T10:29:02.500Z","https://play.google.com/store/apps/details?id=jp.sblo.pandora.aGrep&reviewId=3b57622b-7254-4fd3-889a-fcf287a2676b"
"6893fe5f-62fc-4a2f-ba23-70883897e340","A Google user","https://play-lh.googleusercontent.com/EGemoI2NTXmTsBVtJqk8jxF9rh8ApRWfsIMQSt2uE4OcpQqbFu7f7NbTK05lx80nuSijCz7sc3a277R67g","5",,"Simple elegant sweet. Really free","0","","0.2.5","","2011-09-14T09:24:49.683Z","https://play.google.com/store/apps/details?id=jp.sblo.pandora.aGrep&reviewId=6893fe5f-62fc-4a2f-ba23-70883897e340"
"5acde434-1c2e-4eda-b68d-962da3133f08","A Google user","https://play-lh.googleusercontent.com/EGemoI2NTXmTsBVtJqk8jxF9rh8ApRWfsIMQSt2uE4OcpQqbFu7f7NbTK05lx80nuSijCz7sc3a277R67g","5",,"Simple. Does what it says. Done.","0","","0.2.5","","2011-07-31T21:39:07.680Z","https://play.google.com/store/apps/details?id=jp.sblo.pandora.aGrep&reviewId=5acde434-1c2e-4eda-b68d-962da3133f08"
"1cbbd5cf-a1c7-48a9-9cf1-44f9429694ae","A Google user","https://play-lh.googleusercontent.com/EGemoI2NTXmTsBVtJqk8jxF9rh8ApRWfsIMQSt2uE4OcpQqbFu7f7NbTK05lx80nuSijCz7sc3a277R67g","5",,"Perfect. Thank you very much! I use it to find lyrics from +2000 files. Timo, (HTC Desire HD v.2.3.3)","1","","0.2.4","","2011-05-14T06:33:42.108Z","https://play.google.com/store/apps/details?id=jp.sblo.pandora.aGrep&reviewId=1cbbd5cf-a1c7-48a9-9cf1-44f9429694ae"
"7c7b94f2-767f-48dc-bed6-2b92ea9de5d7","A Google user","https://play-lh.googleusercontent.com/EGemoI2NTXmTsBVtJqk8jxF9rh8ApRWfsIMQSt2uE4OcpQqbFu7f7NbTK05lx80nuSijCz7sc3a277R67g","5",,"Kalvin, look up what ""grep"" does in wikipedia then change your rating to 5 stars.","2","","0.2.4","","2011-05-12T16:12:25.244Z","https://play.google.com/store/apps/details?id=jp.sblo.pandora.aGrep&reviewId=7c7b94f2-767f-48dc-bed6-2b92ea9de5d7"
"b6dc23a3-c53e-43e0-a9bb-853f2a71afc9","A Google user","https://play-lh.googleusercontent.com/EGemoI2NTXmTsBVtJqk8jxF9rh8ApRWfsIMQSt2uE4OcpQqbFu7f7NbTK05lx80nuSijCz7sc3a277R67g","1",,"Crap I don t know how this works. Too difficult and not user friendly. Should be tested before being on the market","1","","0.2.2","","2011-04-17T23:17:39.712Z","https://play.google.com/store/apps/details?id=jp.sblo.pandora.aGrep&reviewId=b6dc23a3-c53e-43e0-a9bb-853f2a71afc9"
"1a3e6fbb-aa84-487a-8466-18668a3af0ee","A Google user","https://play-lh.googleusercontent.com/EGemoI2NTXmTsBVtJqk8jxF9rh8ApRWfsIMQSt2uE4OcpQqbFu7f7NbTK05lx80nuSijCz7sc3a277R67g","5",,"Excellent.","0","","0.2.2","","2011-04-17T04:43:14.803Z","https://play.google.com/store/apps/details?id=jp.sblo.pandora.aGrep&reviewId=1a3e6fbb-aa84-487a-8466-18668a3af0ee"
"f3d248c0-df09-4ad0-91c7-9b480df94bf9","A Google user","https://play-lh.googleusercontent.com/EGemoI2NTXmTsBVtJqk8jxF9rh8ApRWfsIMQSt2uE4OcpQqbFu7f7NbTK05lx80nuSijCz7sc3a277R67g","5",,"Certainly impressive considering android's lack of unix like utilities despite it being a unix like OS. More of the same please!","1","","0.2.2","","2011-03-01T06:05:48.120Z","https://play.google.com/store/apps/details?id=jp.sblo.pandora.aGrep&reviewId=f3d248c0-df09-4ad0-91c7-9b480df94bf9"
"014e45ea-3244-4a5d-913b-2c1dbda96ed7","A Google user","https://play-lh.googleusercontent.com/EGemoI2NTXmTsBVtJqk8jxF9rh8ApRWfsIMQSt2uE4OcpQqbFu7f7NbTK05lx80nuSijCz7sc3a277R67g","3",,"needs regex examples+ability to select a file.Still,it's the only android app that can search thru a text file+present result in context. says a lot","2","","0.2.1","","2011-02-03T16:35:29.518Z","https://play.google.com/store/apps/details?id=jp.sblo.pandora.aGrep&reviewId=014e45ea-3244-4a5d-913b-2c1dbda96ed7"
"9878027f-6e93-4cc8-9811-0677c69de44e","A Google user","https://play-lh.googleusercontent.com/EGemoI2NTXmTsBVtJqk8jxF9rh8ApRWfsIMQSt2uE4OcpQqbFu7f7NbTK05lx80nuSijCz7sc3a277R67g","5",,"Fast, inclusive, versatile, and free!","0","","0.2.0","","2010-12-07T20:39:40.327Z","https://play.google.com/store/apps/details?id=jp.sblo.pandora.aGrep&reviewId=9878027f-6e93-4cc8-9811-0677c69de44e"
"9949505e-3cf7-484a-ac25-1fd9f6e78cf0","A Google user","https://play-lh.googleusercontent.com/EGemoI2NTXmTsBVtJqk8jxF9rh8ApRWfsIMQSt2uE4OcpQqbFu7f7NbTK05lx80nuSijCz7sc3a277R67g","4",,"Excellent. Just what I was looking for. Be nice to target one file.","0","","0.2.0","","2010-12-07T00:35:10.981Z","https://play.google.com/store/apps/details?id=jp.sblo.pandora.aGrep&reviewId=9949505e-3cf7-484a-ac25-1fd9f6e78cf0"
"063afc8b-e8d0-4f82-a74c-f950eec4020a","A Google user","https://play-lh.googleusercontent.com/EGemoI2NTXmTsBVtJqk8jxF9rh8ApRWfsIMQSt2uE4OcpQqbFu7f7NbTK05lx80nuSijCz7sc3a277R67g","5",,"Please include: 1. Allow changing font size. 2. Allow searching file without extension. 3. Allow changing highlight color.","0","","0.2.0","","2010-12-05T19:00:44.527Z","https://play.google.com/store/apps/details?id=jp.sblo.pandora.aGrep&reviewId=063afc8b-e8d0-4f82-a74c-f950eec4020a"
"ec9b6ab5-9c96-4aed-8908-f32fd0291653","A Google user","https://play-lh.googleusercontent.com/EGemoI2NTXmTsBVtJqk8jxF9rh8ApRWfsIMQSt2uE4OcpQqbFu7f7NbTK05lx80nuSijCz7sc3a277R67g","5",,"Very useful app!!","0","","0.2.0","","2010-10-11T15:30:18.177Z","https://play.google.com/store/apps/details?id=jp.sblo.pandora.aGrep&reviewId=ec9b6ab5-9c96-4aed-8908-f32fd0291653"
"fcaab496-e2e2-4d29-b4bc-788795eebd64","A Google user","https://play-lh.googleusercontent.com/EGemoI2NTXmTsBVtJqk8jxF9rh8ApRWfsIMQSt2uE4OcpQqbFu7f7NbTK05lx80nuSijCz7sc3a277R67g","5",,"I have been looking for a simple and quick tool to search text files. This seems to fit the bill so far.","0","","0.1.0","","2010-09-22T19:47:43.647Z","https://play.google.com/store/apps/details?id=jp.sblo.pandora.aGrep&reviewId=fcaab496-e2e2-4d29-b4bc-788795eebd64"